"Search Parameters"	"Year"	"Mo"	"Dy"	"Tsu"	"Eq"	"Name"	"Location"	"Country"	"Latitude"	"Longitude"	"Elevation (m)"	"Type"	"VEI"	"Agent"	"Deaths"	"Death Description"	"Missing"	"Missing Description"	"Injuries"	"Injuries Description"	"Damage ($Mil)"	"Damage Description"	"Houses Destroyed"	"Houses Destroyed Description"	"Total Deaths"	"Total Death Description"	"Total Missing"	"Total Missing Description"	"Total Injuries"	"Total Injuries Description"	"Total Damage ($Mil)"	"Total Damage Description"	"Total Houses Destroyed"	"Total Houses Destroyed Description"
"[""1950 <= Year >= 2025""]"																																		
	1950	8	28			"Semeru"	"Java"	"Indonesia"	-8.108	112.922	3657	"Stratovolcano"	1	"P"	6	1									6	1								
	1950	9	15			"Camiguin"	"Mindanao-Philippines"	"Philippines"	9.203	124.673	1552	"Stratovolcano"	3	"P"	68	2									68	2								
	1950	9	23			"Asamayama"	"Honshu-Japan"	"Japan"	36.406	138.523	2568	"Complex volcano"	2	"T"	1	1			1	1				1	1	1			1	1				1
	1951	1	21			"Lamington"	"New Guinea"	"Papua New Guinea"	-8.95	148.15	1680	"Stratovolcano"	4	"P"	2942	4				2					2942	4				2				
	1951	8	3	3383	3974	"Cosiguina"	"Nicaragua"	"Nicaragua"	12.98	-87.57	872	"Stratovolcano"																				3		2
	1951	8	31			"Kelud"	"Java"	"Indonesia"	-7.935	112.314	1730	"Stratovolcano"	3		7	1									7	1								
	1951	11	5			"Hakoneyama"	"Honshu-Japan"	"Japan"	35.233	139.021	1438	"Complex volcano"		"G"	2	1									2	1								
	1951	12	4			"Camiguin"	"Mindanao-Philippines"	"Philippines"	9.203	124.673	1552	"Stratovolcano"	3	"P"	500	3	1500	4							500	3	1500	4						
	1951			1816		"Kavachi"	"Solomon Is-SW Pacifi"	"Solomon Is."	-8.991	157.979	-20	"Submarine volcano"	2																					
	1952	3	27			"Hakoneyama"	"Honshu-Japan"	"Japan"	35.233	139.021	1438	"Complex volcano"		"G"	1	1									1	1								
	1952	9	16	1824		"Myojinsho"	"Izu Is-Japan"	"Japan"	31.888	139.918	11	"Submarine volcano"	2																					
	1952	9	17	5928		"Myojinsho"	"Izu Is-Japan"	"Japan"	31.888	139.918	11	"Submarine volcano"	2																					
	1952	9	23	1825		"Myojinsho"	"Izu Is-Japan"	"Japan"	31.888	139.918	11	"Submarine volcano"	2																					
	1952	9	24	1826		"Myojinsho"	"Izu Is-Japan"	"Japan"	31.888	139.918	11	"Submarine volcano"	2	"P"	31	1						1			31	1						1		
	1952	9	26	1827		"Myojinsho"	"Izu Is-Japan"	"Japan"	31.888	139.918	11	"Submarine volcano"	2																					
	1952					"Ambalatungan Group"	"Luzon-Philippines"	"Philippines"	17.32	121.1	2329	"Compound volcano"	1		12	1									12	1								
	1953	3	11	1833		"Myojinsho"	"Izu Is-Japan"	"Japan"	31.888	139.918	11	"Submarine volcano"	2																					
	1953	3	23			"Merapi"	"Java"	"Indonesia"	-7.54	110.446	2910	"Stratovolcano"	3	"P"	64	2			57	2		2	144	3	64	2			57	2		2	144	3
	1953	3	25	5566		"Myojinsho"	"Izu Is-Japan"	"Japan"	31.888	139.918	11	"Submarine volcano"	2																					
	1953	4	27			"Asosan"	"Kyushu-Japan"	"Japan"	32.885	131.085	1592	"Caldera"	2	"T"	6	1									6	1								
	1953	6	27	1838		"St. Andrew Strait"	"Admiralty Is-SW Paci"	"Papua New Guinea"	-2.38	147.35	270	"Complex volcano"	0																			1		
	1953	6				"Sirung"	"Lesser Sunda Is"	"Indonesia"	-8.497	124.131	1347	"Complex volcano"	0		5	1			1	1					5	1			1	1				
	1953	7	26			"Hakoneyama"	"Honshu-Japan"	"Japan"	35.233	139.021	1438	"Complex volcano"		"A"	10	1									10	1								
	1953	10	5			"Izu-Oshima"	"Izu Is-Japan"	"Japan"	34.724	139.394	746	"Stratovolcano"	1		1	1									1	1								
	1953	12	24			"Ruapehu"	"New Zealand"	"New Zealand"	-39.28	175.57	2797	"Stratovolcano"		"m"	151	3									151	3								
	1954	2		3395		"Stromboli"	"Italy"	"Italy"	38.789	15.213	924	"Stratovolcano"		"W"																		1		
	1954	7	21			"Midagahara"	"Honshu-Japan"	"Japan"	36.571	137.59	2621	"Stratovolcano"		"G"	1	1									1	1								
	1954	8	3			"Bam"	"New Guinea-NE of"	"Papua New Guinea"	-3.613	144.818	685	"Stratovolcano"	2	"I"						2					25	1				2				
	1954					"Camiguin"	"Mindanao-Philippines"	"Philippines"	9.203	124.673	1552	"Stratovolcano"		"m"	2	1									2	1								
	1955	7	26			"Carran-Los Venados"	"Chile-C"	"Chile"	-40.35	-72.07	1114	"Pyroclastic cone"	4	"G"	2	1									2	1								
	1955	10	13			"Aira"	"Kyushu-Japan"	"Japan"	31.577	130.659	1117	"Stratovolcano"	3			1										1								
	1956	3	30	1856		"Bezymianny"	"Kamchatka"	"Russia"	55.972	160.595	2882	"Stratovolcano"	5																					
	1957	3	11		4116	"Vsevidof"	"Aleutian Is"	"United States"	53.13	-168.693	2149	"Stratovolcano"	2																					
	1957	7				"Unzendake"	"Kyushu-Japan"	"Japan"	32.761	130.299	1483	"Complex volcano"		"m"	13	1									13	1								
	1957	10	13			"Izu-Oshima"	"Izu Is-Japan"	"Japan"	34.724	139.394	746	"Stratovolcano"	2	"T"	1	1			53	2					1	1			53	2				
	1957	10				"Asosan"	"Kyushu-Japan"	"Japan"	32.885	131.085	1592	"Caldera"	2	"T"	12	1									12	1								
	1958	7	12			"Mahawu"	"Sulawesi-Indonesia"	"Indonesia"	1.352	124.865	1299	"Stratovolcano"	2	"M"	1	1			10	1					1	1			10	1				
	1958	7	21			"Taisetsuzan"	"Hokkaido-Japan"	"Japan"	43.664	142.854	2291	"Stratovolcano"		"G"	2	1									2	1								
	1958	10	7	1882		"Kuwae"	"Vanuatu-SW Pacific"	"Vanuatu"	-16.83	168.523	-2	"Caldera"	2																					
	1960	5	25	1902	4227	"Puyehue-Cordon Caulle"	"Chile-C"	"Chile"	-40.59	-72.117	2236	"Stratovolcano"	3																					
	1961	1	25			"Calbuco"	"Chile-S"	"Chile"	-41.33	-72.618	1974	"Stratovolcano"	3									1												
	1961	4	23			"Midagahara"	"Honshu-Japan"	"Japan"	36.571	137.59	2621	"Stratovolcano"		"G"	1	1									1	1								
	1961	5	8			"Merapi"	"Java"	"Indonesia"	-7.54	110.446	2910	"Stratovolcano"	3	"P"	6	1			6	1		2		3	6	1			6	1		2		3
	1961	6	18			"Taisetsuzan"	"Hokkaido-Japan"	"Japan"	43.664	142.854	2291	"Stratovolcano"		"G"	2	1									2	1								
	1961	8	18			"Asamayama"	"Honshu-Japan"	"Japan"	36.406	138.523	2568	"Complex volcano"	2	"T"	1	1									1	1								
	1962	6	29			"Tokachidake"	"Hokkaido-Japan"	"Japan"	43.418	142.686	2077	"Stratovolcano"	3	"T"	5	1			11	1					5	1			11	1				
	1962	10				"Merapi"	"Java"	"Indonesia"	-7.54	110.446	2910	"Stratovolcano"		"m"	2	1									2	1								
	1962	12	31			"Gamalama"	"Halmahera-Indonesia"	"Indonesia"	0.81	127.332	1714	"Stratovolcano"	2		5	1			5	1					5	1			5	1				
	1963	3	17			"Irazu"	"Costa Rica"	"Costa Rica"	9.979	-83.852	3436	"Stratovolcano"	3	"T"	15	1									15	1								
	1963	3	18	1942		"Agung"	"Lesser Sunda Is"	"Indonesia"	-8.343	115.508	2997	"Stratovolcano"	5	"P,T,M,A"	1028	4		3	624	3					1028	4		3	624	3				
	1963	5	5			"Semeru"	"Java"	"Indonesia"	-8.108	112.922	3657	"Stratovolcano"	2	"T"	1	1									1	1								
	1963	5	16		4292	"Agung"	"Lesser Sunda Is"	"Indonesia"	-8.343	115.508	2997	"Stratovolcano"	3		120	2									120	2								
	1963	5	21			"Villarrica"	"Chile-C"	"Chile"	-39.42	-71.93	2847	"Stratovolcano"	2	"M"		1										1								
	1963	9	5			"Batur"	"Lesser Sunda Is"	"Indonesia"	-8.24	115.378	1711	"Caldera"	2		2	1								1	2	1								1
	1963	9	28			"Fuego"	"Guatemala"	"Guatemala"	14.473	-90.88	3763	"Stratovolcano"	3	"M"	7	1									7	1								
	1963	12	10			"Irazu"	"Costa Rica"	"Costa Rica"	9.979	-83.852	3436	"Stratovolcano"	3	"M,T"	40	1				1		2	400	3	40	1				1		2	400	3
	1964	1	1			"Paluweh"	"Lesser Sunda Is"	"Indonesia"	-8.32	121.708	875	"Stratovolcano"	2		1	1			3	1					1	1			3	1				
	1964	3	3			"Villarrica"	"Chile-C"	"Chile"	-39.42	-71.93	2847	"Stratovolcano"	2	"M"	25	1									25	1								
	1964	12	13			"Dieng Volcanic Complex"	"Java"	"Indonesia"	-7.2	109.879	2565	"Complex volcano"	1		114	3									114	3								
	1965	9	28	1977		"Taal"	"Luzon-Philippines"	"Philippines"	14.011	120.998	311	"Stratovolcano"	4	"P,W"	355	3						1		1	355	3						1		1
	1965	10	24	5695		"Kick 'em Jenny"	"W Indies"	"Netherlands"	12.3	-61.64	-185	"Submarine volcano"	0																					
	1966	1	13	5478		"Tinakula"	"Santa Cruz Is-SW Pac"	"Solomon Is."	-10.386	165.804	796	"Stratovolcano"	3																					
	1966	4	26			"Kelud"	"Java"	"Indonesia"	-7.935	112.314	1730	"Stratovolcano"	4	"M,m,P"	215	3	78	2	86	2					215	3	78	2	86	2				
	1966	8	12			"Awu"	"Sangihe Is-Indonesia"	"Indonesia"	3.689	125.447	1318	"Stratovolcano"	4	"P,M,I"	39	1			1000	3				2	39	1			1000	3				2
	1966	8	14			"Lengai, Ol Doinyo"	"Africa-E"	"Tanzania"	-2.764	35.914	2962	"Stratovolcano"	4									1										1		
	1966	11	6			"Rincon de la Vieja"	"Costa Rica"	"Costa Rica"	10.83	-85.324	1916	"Complex volcano"	3	"P,T,G"								1										1		
	1967	7	8			"Lengai, Ol Doinyo"	"Africa-E"	"Tanzania"	-2.764	35.914	2962	"Stratovolcano"	3									1										1		
	1967	8	31			"Semeru"	"Java"	"Indonesia"	-8.108	112.922	3657	"Stratovolcano"	3	"M"	3	1						1			3	1						1		
	1967	11	4			"Midagahara"	"Honshu-Japan"	"Japan"	36.571	137.59	2621	"Stratovolcano"		"G"	2	1									2	1								
	1967	12	4	1992		"Deception Island"	"Antarctica"	"Antarctica"	-62.957	-60.637	602	"Caldera"	3																					
	1968	4	21			"Mayon"	"Luzon-Philippines"	"Philippines"	13.257	123.685	2462	"Stratovolcano"	3	"M,P"	6	1									6	1								
	1968	7	29			"Arenal"	"Costa Rica"	"Costa Rica"	10.463	-84.703	1670	"Stratovolcano"	3	"P,T"	80	2						1			80	2						1		
	1969	1	7			"Merapi"	"Java"	"Indonesia"	-7.54	110.446	2910	"Stratovolcano"	2	"P"	3	1									3	1								
	1969	1	28			"Iya"	"Lesser Sunda Is"	"Indonesia"	-8.891	121.641	618	"Stratovolcano"	3	"T,m"	2	1			10	1			287	3	2	1			10	1			287	3
	1969	3	21	2872		"Didicas"	"Luzon-N of"	"Philippines"	19.077	122.202	228	"Compound volcano"	2	"W"											3	1								
	1969	8	26			"Naruko"	"Honshu-Japan"	"Japan"	38.729	140.734	470	"Caldera"		"G"	1	1									1	1								
	1970	3	2			"Campi Flegrei"	"Italy"	"Italy"	40.827	14.139	458	"Caldera"		"S"	3	1						1		1	3	1						1		1
	1970	5	5			"Hekla"	"Iceland-S"	"Iceland"	63.983	-19.666	1490	"Stratovolcano"	3									1										1		
	1971	8	12			"Hudson, Cerro"	"Chile-S"	"Chile"	-45.9	-72.97	1905	"Stratovolcano"	3	"M"	5	1									3	1								
	1971	9	6	2043		"Tinakula"	"Santa Cruz Is-SW Pac"	"Solomon Is."	-10.386	165.804	796	"Stratovolcano"	2																					
	1971	9	14			"Fuego"	"Guatemala"	"Guatemala"	14.473	-90.88	3763	"Stratovolcano"	3	"M,T"	10	1									10	1								
	1971	10	28			"La Palma"	"Canary Is"	"Spain"	28.57	-17.83	2426	"Stratovolcano"	2			1						1				1						1		
	1971	10	29			"Villarrica"	"Chile-C"	"Chile"	-39.42	-71.93	2847	"Stratovolcano"	2	"M"	15	1									15	1								
	1971	12	27			"Kusatsu-Shiranesan"	"Honshu-Japan"	"Japan"	36.618	138.528	2165	"Stratovolcano"		"G"	6	1									6	1								
	1972	6	9			"Fournaise, Piton de la"	"Indian O-W"	"Reunion"	-21.244	55.708	2632	"Shield volcano"	2	"I"	3	1									3	1								
	1972	10	2			"Hakoneyama"	"Honshu-Japan"	"Japan"	35.233	139.021	1438	"Complex volcano"			2	1									2	1								
	1972	10	9	2054		"Ritter Island"	"New Guinea-NE of"	"Papua New Guinea"	-5.519	148.115	75	"Stratovolcano"	1																					
	1973	1	27			"Vestmannaeyjar"	"Iceland-S"	"Iceland"	63.416	-20.266	283	"Submarine volcano"	3	"G"	1	1							300	3	1	1							300	3
	1973	1				"Paluweh"	"Lesser Sunda Is"	"Indonesia"	-8.32	121.708	875	"Stratovolcano"	3									1		1								1		1
	1973	4	5			"Hudson, Cerro"	"Chile-S"	"Chile"	-45.9	-72.97	1905	"Stratovolcano"		"M"	2	1						1		1	2	1						1		1
	1973	12		5761		"Iliwerung"	"Lesser Sunda Is"	"Indonesia"	-8.532	123.573	583	"Complex volcano"	2	"W"											2	1								
	1974	2	11			"Karangetang"	"Sangihe Is-Indonesia"	"Indonesia"	2.781	125.407	1797	"Stratovolcano"	3	"A"	4	1									4	1								
	1974	6	17			"Aira"	"Kyushu-Japan"	"Japan"	31.577	130.659	1117	"Stratovolcano"	3	"M"	3	1									3	1								
	1974	7	28			"Niigata-Yakeyama"	"Honshu-Japan"	"Japan"	36.921	138.036	2400	"Lava dome"	2	"T"	3	1									3	1								
	1974	8	9			"Aira"	"Kyushu-Japan"	"Japan"	31.577	130.659	1117	"Stratovolcano"	3	"M"	5	1									5	1								
	1974	10	10			"Fuego"	"Guatemala"	"Guatemala"	14.473	-90.88	3763	"Stratovolcano"	4	"T,M"		1						2		3		1						2		3
	1974	10	17	2069		"Ritter Island"	"New Guinea-NE of"	"Papua New Guinea"	-5.519	148.115	75	"Stratovolcano"	1																					
	1974	10	22			"Merapi"	"Java"	"Indonesia"	-7.54	110.446	2910	"Stratovolcano"	2	"M"	9	1							6	1	9	1							6	1
	1975	1				"Marapi"	"Sumatra"	"Indonesia"	-0.38	100.474	2885	"Complex volcano"	2	"M"	80	2						3		3	80	2						3		3
	1975	6	17			"Arenal"	"Costa Rica"	"Costa Rica"	10.463	-84.703	1670	"Stratovolcano"	3		2	1				1					2	1				1				
	1975	11	29	2080	4704	"Kilauea"	"Hawaiian Is"	"United States"	19.421	-155.287	1222	"Shield volcano"	0	"W"											2	1				1	4	2		
	1976	8	3			"Kusatsu-Shiranesan"	"Honshu-Japan"	"Japan"	36.618	138.528	2165	"Stratovolcano"		"G"	3	1									3	1								
	1976	8	12			"Sangay"	"Ecuador"	"Ecuador"	-2.005	-78.341	5286	"Stratovolcano"	3	"T"	2	1			4	1					2	1			4	1				
	1976	8	31			"Semeru"	"Java"	"Indonesia"	-8.108	112.922	3657	"Stratovolcano"	2	"M"	119	3									119	3								
	1976	9	15			"Karangetang"	"Sangihe Is-Indonesia"	"Indonesia"	2.781	125.407	1797	"Stratovolcano"	2	"P,L"	1	1			1	1			24	1	1	1			1	1			24	1
	1976	11	25			"Merapi"	"Java"	"Indonesia"	-7.54	110.446	2910	"Stratovolcano"	2	"M"	29	1									29	1								
	1977	1	10			"Nyiragongo"	"Africa-C"	"Congo, DRC"	-1.52	29.25	3470	"Stratovolcano"	1	"L"		2						3				2						3		
	1977	4	5			"Karthala"	"Indian O-W"	"Comoros"	-11.75	43.38	2361	"Shield volcano"	1	"L"								1	293	3								1	293	3
	1977	4	27			"Krafla"	"Iceland-NE"	"Iceland"	65.715	-16.728	800	"Caldera"	1									1										1		
	1977	8	2			"Klyuchevskoy"	"Kamchatka"	"Russia"	56.056	160.642	4754	"Stratovolcano"	3	"T"	1	1									1	1								
	1977	8	7			"Toya"	"Hokkaido-Japan"	"Japan"	42.544	140.839	733	"Stratovolcano"	3	"I"	3	1									3	1								
	1978	7	29			"Bulusan"	"Luzon-Philippines"	"Philippines"	12.769	124.056	1535	"Stratovolcano"	2									1										1		
	1978	9	2			"Santa Maria"	"Guatemala"	"Guatemala"	14.757	-91.552	3745	"Stratovolcano"	3	"M"	1	1									1	1								
	1978	9	19			"Semeru"	"Java"	"Indonesia"	-8.108	112.922	3657	"Stratovolcano"	3	"M"	12	1									12	1								
	1978	10	24			"Toya"	"Hokkaido-Japan"	"Japan"	42.544	140.839	733	"Stratovolcano"	3	"m"	3	1			2	1					3	1			2	1				
	1978					"Tangkuban Parahu"	"Java"	"Indonesia"	-6.77	107.6	2084	"Stratovolcano"		"I"	3	1									3	1								
	1979	2	20			"Dieng Volcanic Complex"	"Java"	"Indonesia"	-7.2	109.879	2565	"Complex volcano"	1	"G"	149	3									149	3								
	1979	3	8			"Karkar"	"New Guinea-NE of"	"Papua New Guinea"	-4.647	145.976	1839	"Stratovolcano"	2	"P"	2	1									2	1								
	1979	4	13			"Soufriere St. Vincent"	"W Indies"	"St. Vincent & the Grenadines"	13.33	-61.18	1220	"Stratovolcano"	3	"T,P"	2	1									2	1								
	1979	7	5			"Etna"	"Italy"	"Italy"	37.748	14.999	3357	"Stratovolcano"	2	"T"	9	1			23	1					9	1			23	1				
	1979	7	18	2115		"Iliwerung"	"Lesser Sunda Is"	"Indonesia"	-8.532	123.573	583	"Complex volcano"		"W"											1239	4			32	1		3		3
	1979	9	6			"Asosan"	"Kyushu-Japan"	"Japan"	32.885	131.085	1592	"Caldera"	2	"T"	3	1			11	1					3	1			11	1				
	1980	5	18	3018	4876	"St. Helens"	"US-Washington"	"United States"	46.2	-122.18	2549	"Stratovolcano"	5	"P,M,T"	57	2					2000	4			61	2					2000	4		
	1980	8	17			"Hekla"	"Iceland-S"	"Iceland"	63.983	-19.666	1490	"Stratovolcano"	3									1										1		
	1980	12	25			"Hood"	"US-Oregon"	"United States"	45.374	-121.695	3426	"Stratovolcano"		"m"	1	1									1	1								
	1981	3	17			"Etna"	"Italy"	"Italy"	37.748	14.999	3357	"Stratovolcano"	2								10	3												
	1981	3	29			"Semeru"	"Java"	"Indonesia"	-8.108	112.922	3657	"Stratovolcano"	3	"P"	1	1									1	1								
	1981	4	27			"Alaid"	"Kuril Is"	"Russia"	50.861	155.565	2285	"Stratovolcano"	2									1										1		
	1981	5	14			"Semeru"	"Java"	"Indonesia"	-8.108	112.922	3657	"Stratovolcano"	3	"m"	372	3	120	3	152	3					372	3	120	3	152	3				
	1981	6	30			"Mayon"	"Luzon-Philippines"	"Philippines"	13.257	123.685	2462	"Stratovolcano"		"m"	200	3									200	3								
	1981	9	5			"Paluweh"	"Lesser Sunda Is"	"Indonesia"	-8.32	121.708	875	"Stratovolcano"	2	"P"								1		1								1		1
	1981	10	20	5759		"Krakatau"	"Indonesia"	"Indonesia"	-6.101	105.423	285	"Caldera"	1	"A,T,W"																				
	1981					"Vilyuchinsky"	"Kamchatka"	"Russia"	52.7	158.28	2173	"Stratovolcano"		"A"		1										1								
	1982	3	29		7221	"Chichon, El"	"Mexico"	"Mexico"	17.36	-93.23	1150	"Tuff cone"	5	"P,T,M,S"	1879	4	1755	4			3.3	2			1879	4	1755	4			3.3	2		
	1982	4	4			"Chichon, El"	"Mexico"	"Mexico"	17.36	-93.23	1150	"Tuff cone"	5	"P"	33	1									33	1								
	1982	5	17			"Galunggung"	"Java"	"Indonesia"	-7.25	108.058	2168	"Stratovolcano"	4	"I,T"	68	2					15	3			68	2					15	3		
	1982	5	27			"Chichon, El"	"Mexico"	"Mexico"	17.36	-93.23	1150	"Tuff cone"	5	"m"	1	1									1	1								
	1983	3	8			"Klyuchevskoy"	"Kamchatka"	"Russia"	56.056	160.642	4754	"Stratovolcano"	2	"T"	1	1									1	1								
	1983	7	23			"Colo"	"Sulawesi-Indonesia"	"Indonesia"	-0.162	121.601	404	"Stratovolcano"	4									2		3								2		3
	1983	8	17	4702		"Iliwerung"	"Lesser Sunda Is"	"Indonesia"	-8.532	123.573	583	"Complex volcano"	1	"W"																				
	1983	10	3		4990	"Miyakejima"	"Izu Is-Japan"	"Japan"	34.094	139.526	775	"Stratovolcano"	3	"L,T"								1	400	3								2	400	3
	1984	6	13	2154	6652	"Sumisujima"	"Izu Is-Japan"	"Japan"	31.44	140.051	136	"Submarine volcano"		"W,S"																				
	1984	8	15	5807		"Oku Volcanic Field"	"Africa-W"	"Cameroon"	6.25	10.5	3011	"Maar"		"G"	37	1									37	1								
	1984	9	9			"Mayon"	"Luzon-Philippines"	"Philippines"	13.257	123.685	2462	"Stratovolcano"	3	"M"	1	1									1	1								
	1984	9	14			"Ontakesan"	"Honshu-Japan"	"Japan"	35.893	137.48	3067	"Complex volcano"		"A"	29	1									29	1								
	1984	10	16			"Etna"	"Italy"	"Italy"	37.748	14.999	3357	"Stratovolcano"	3	"S"	1	1									1	1								
	1985	5	10			"Semeru"	"Java"	"Indonesia"	-8.108	112.922	3657	"Stratovolcano"	3	"A"	70	2									70	2								
	1985	11	13			"Ruiz, Nevado del"	"Colombia"	"Colombia"	4.892	-75.324	5279	"Stratovolcano"	3	"M"	23080	4			10000	4					23080	4			10000	4				
	1985	12	19			"Etna"	"Italy"	"Italy"	37.748	14.999	3357	"Stratovolcano"	1	"S"	1	1									1	1								
	1986	5	8			"Akita-Yakeyama"	"Honshu-Japan"	"Japan"	39.964	140.757	1366	"Complex volcano"		"G"	1	1									1	1								
	1986	7	24			"Stromboli"	"Italy"	"Italy"	38.789	15.213	924	"Stratovolcano"	2	"T"	1	1									1	1								
	1986	8	21	5808		"Oku Volcanic Field"	"Africa-W"	"Cameroon"	6.25	10.5	3011	"Maar"	3	"G"	1700	4			300	3					1700	4			300	3				
	1986	10	15			"Merapi"	"Java"	"Indonesia"	-7.54	110.446	2910	"Stratovolcano"	2	"M"	1	1									1	1								
	1986	11	15			"Izu-Oshima"	"Izu Is-Japan"	"Japan"	34.724	139.394	746	"Stratovolcano"	3	"I"	1	1									1	1								
	1987	1	25			"Pacaya"	"Guatemala"	"Guatemala"	14.382	-90.601	2569	"Complex volcano"	3						15	1		1	63	2					15	1		1	63	2
	1987	4	17			"Etna"	"Italy"	"Italy"	37.748	14.999	3357	"Stratovolcano"	2	"T"	2	1			7	1					2	1			7	1				
	1987	12	1		5150	"Sirung"	"Lesser Sunda Is"	"Indonesia"	-8.497	124.131	1347	"Complex volcano"													125	3				3	5	3	237	3
	1988	5	9			"Banda Api"	"Banda Sea"	"Pacific Ocean"	-4.523	129.881	596	"Caldera"	3	"T,L"	4	1									4	1								
	1988	7	6			"Arenal"	"Costa Rica"	"Costa Rica"	10.463	-84.703	1670	"Stratovolcano"	3	"T"	1	1									1	1								
	1988	7	30			"Semeru"	"Java"	"Indonesia"	-8.108	112.922	3657	"Stratovolcano"	3	"T"	1	1									1	1								
	1988	12	25			"Lonquimay"	"Chile-C"	"Chile"	-38.379	-71.586	2832	"Stratovolcano"	3	"T"	1	1									1	1								
	1988					"Akita-Yakeyama"	"Honshu-Japan"	"Japan"	39.964	140.757	1366	"Complex volcano"		"I"	3	1									3	1								
	1989	2	12			"Asosan"	"Kyushu-Japan"	"Japan"	32.885	131.085	1592	"Caldera"		"G"	1	1									1	1								
	1989	8	26			"Kirishimayama"	"Kyushu-Japan"	"Japan"	31.934	130.862	1700	"Shield volcano"		"G"	2	1									2	1								
	1990	2	2			"Sheveluch"	"Kamchatka"	"Russia"	56.653	161.36	3283	"Stratovolcano"	3									1										1		
	1990	2	10			"Kelud"	"Java"	"Indonesia"	-7.935	112.314	1730	"Stratovolcano"	4	"T,P"	32	1									32	1								
	1990	3	26			"Asosan"	"Kyushu-Japan"	"Japan"	32.885	131.085	1592	"Caldera"	2	"G"	1	1									1	1								
	1990	4	18			"Asosan"	"Kyushu-Japan"	"Japan"	32.885	131.085	1592	"Caldera"	2	"G"	1	1									1	1								
	1990	5	29			"Coropuna"	"Peru"	"Peru"	-15.52	-72.65	6377	"Stratovolcano"	3									1										1		
	1990	6	24			"Rabaul"	"New Britain-SW Pac"	"Papua New Guinea"	-4.246	152.194	688	"Pyroclastic shield"		"G"	6	1									6	1								
	1990	7	19			"Santa Maria"	"Guatemala"	"Guatemala"	14.757	-91.552	3745	"Stratovolcano"	3	"T"	4	1									4	1								
	1990	10	19			"Asosan"	"Kyushu-Japan"	"Japan"	32.885	131.085	1592	"Caldera"	2	"G"	1	1									1	1								
	1990	11	21			"Nyiragongo"	"Africa-C"	"Congo, DRC"	-1.52	29.25	3470	"Stratovolcano"		"S"	1	1									1	1								
	1990	11	25			"Kelud"	"Java"	"Indonesia"	-7.935	112.314	1730	"Stratovolcano"		"m"	4	1									4	1								
	1991	6	3			"Unzendake"	"Kyushu-Japan"	"Japan"	32.761	130.299	1483	"Complex volcano"	1	"P"	43	1									43	1								
	1991	6	15		5292	"Pinatubo"	"Luzon-Philippines"	"Philippines"	15.13	120.35	1486	"Stratovolcano"	6	"P,m,I"	350	3			4	1		3			800	3			4	1		3		
	1991	6				"Mutnovsky"	"Kamchatka"	"Russia"	52.449	158.196	2288	"Complex volcano"		"I"	1	1									1	1								
	1991	7	3			"Karthala"	"Indian O-W"	"Comoros"	-11.75	43.38	2361	"Shield volcano"	2									1										1		
	1991	8	8			"Hudson, Cerro"	"Chile-S"	"Chile"	-45.9	-72.97	1905	"Stratovolcano"	5									1										1		
	1991	10	24			"Lokon-Empung"	"Sulawesi-Indonesia"	"Indonesia"	1.358	124.792	1580	"Stratovolcano"	1	"T,P"	1	1									1	1								
	1991	12	14			"Etna"	"Italy"	"Italy"	37.748	14.999	3357	"Stratovolcano"	2								2.5	2									2.5	2		
	1992	1	21			"Karangetang"	"Sangihe Is-Indonesia"	"Indonesia"	2.781	125.407	1797	"Stratovolcano"	2	"M"	2	1									2	1								
	1992	3	18			"Dieng Volcanic Complex"	"Java"	"Indonesia"	-7.2	109.879	2565	"Complex volcano"		"G"	1	1			2	1					1	1			2	1				
	1992	4	10			"Negro, Cerro"	"Nicaragua"	"Nicaragua"	12.506	-86.702	728	"Cinder cone"	3	"T,I"	11	1			50	1	3	2		1	11	1			50	1	3	2		1
	1992	5	11			"Karangetang"	"Sangihe Is-Indonesia"	"Indonesia"	2.781	125.407	1797	"Stratovolcano"	1	"P"	6	1			1	1					6	1			1	1				
	1992	7	5			"Marapi"	"Sumatra"	"Indonesia"	-0.38	100.474	2885	"Complex volcano"	2	"T"	1	1			5	1					1	1			5	1				
	1992	7	12			"Pinatubo"	"Luzon-Philippines"	"Philippines"	15.13	120.35	1486	"Stratovolcano"	1	"m"	6	1									6	1								
	1992	9	17			"Spurr"	"Alaska-SW"	"United States"	61.299	-152.251	3374	"Stratovolcano"	4	"I"	1	1					2	2			1	1					2	2		
	1992					"Semeru"	"Java"	"Indonesia"	-8.108	112.922	3657	"Stratovolcano"	3	"T"	3	1									3	1								
	1993	1	14			"Galeras"	"Colombia"	"Colombia"	1.22	-77.37	4276	"Complex volcano"	2	"T"	9	1									9	1								
	1993	1	21			"Wurlali"	"Banda Sea"	"Indonesia"	-7.125	128.675	868	"Stratovolcano"		"m"	1	1			12	1					1	1			12	1				
	1993	2	2			"Mayon"	"Luzon-Philippines"	"Philippines"	13.257	123.685	2462	"Stratovolcano"	2	"P"	75	2									75	2								
	1993	3	12			"Guagua Pichincha"	"Ecuador"	"Ecuador"	-0.171	-78.598	4784	"Stratovolcano"	1	"T"	2	1									2	1								
	1993	4	19			"Kilauea"	"Hawaiian Is"	"United States"	19.421	-155.287	1222	"Shield volcano"		"A"	1	1			22	1					1	1			22	1				
	1993	6	13			"Krakatau"	"Indonesia"	"Indonesia"	-6.101	105.423	285	"Caldera"	1	"T"	1	1			5	1					1	1			5	1				
	1993	6	23			"Unzendake"	"Kyushu-Japan"	"Japan"	32.761	130.299	1483	"Complex volcano"	1	"P"	1	1								1	1	1								1
	1993	6	26			"Pinatubo"	"Luzon-Philippines"	"Philippines"	15.13	120.35	1486	"Stratovolcano"	1	"m"	4	1									4	1								
	1993	10	4			"Pinatubo"	"Luzon-Philippines"	"Philippines"	15.13	120.35	1486	"Stratovolcano"		"m"	14	1									14	1								
	1994	1	15			"Yasur"	"Vanuatu-SW Pacific"	"Vanuatu"	-19.532	169.447	361	"Stratovolcano"	3	"T"	1	1									1	1								
	1994	2	3			"Semeru"	"Java"	"Indonesia"	-8.108	112.922	3657	"Stratovolcano"	3	"P"	6	1									6	1								
	1994	5	29			"Asosan"	"Kyushu-Japan"	"Japan"	32.885	131.085	1592	"Caldera"	1	"G"	1	1									1	1								
	1994	6	6		5387	"Huila, Nevado del"	"Colombia"	"Colombia"	2.93	-76.03	5364	"Stratovolcano"		"m"											650	3					2.4	2	200	3
	1994	7	8	5926		"Kilauea"	"Hawaiian Is"	"United States"	19.421	-155.287	1222	"Shield volcano"	3	"W"																				
	1994	9	18	5927	10747	"Rabaul"	"New Britain-SW Pac"	"Papua New Guinea"	-4.246	152.194	688	"Pyroclastic shield"		"W,S"																				
	1994	9	19	2229		"Rabaul"	"New Britain-SW Pac"	"Papua New Guinea"	-4.246	152.194	688	"Pyroclastic shield"	3	"T,W"	4	1					86	4			4	1					86	4		1
	1994	11	3			"Rinjani"	"Lesser Sunda Is"	"Indonesia"	-8.42	116.47	3726	"Stratovolcano"	3	"m"	31	1									31	1								
	1994	11	22			"Merapi"	"Java"	"Indonesia"	-7.54	110.446	2910	"Stratovolcano"	3		60	2									60	2								
	1995	2	4			"Yasur"	"Vanuatu-SW Pacific"	"Vanuatu"	-19.532	169.447	361	"Stratovolcano"	3	"T"	2	1									2	1								
	1995	2	11			"Yakedake"	"Honshu-Japan"	"Japan"	36.227	137.587	2455	"Stratovolcano"	1	"T"	4	1									4	1								
	1995	4	2			"Fogo"	"Cape Verde Is"	"Cape Verde"	14.95	-24.35	2829	"Stratovolcano"	2						20	1		1	10	1					20	1		1	10	1
	1995	4	7			"Pacaya"	"Guatemala"	"Guatemala"	14.382	-90.601	2569	"Complex volcano"	3	"M"	1	1						1	1	1	1	1						1	1	1
	1995	5	15			"Kelimutu"	"Lesser Sunda Is"	"Indonesia"	-8.77	121.82	1639	"Complex volcano"			1	1									1	1								
	1995	9	6			"Melebingoy"	"Mindanao-Philippines"	"Philippines"	6.113	124.892	1824	"Stratovolcano"			60	2						2	300	3	60	2						2	300	3
	1996	1	2	2392		"Karymsky"	"Kamchatka"	"Russia"	54.049	159.443	1513	"Stratovolcano"	2																					
	1996	4	30			"Popocatepetl"	"Mexico"	"Mexico"	19.023	-98.622	5393	"Stratovolcano"	3		5	1						1			5	1						1		
	1996	8	10			"Kanlaon"	"Philippines-C"	"Philippines"	10.41	123.13	2422	"Stratovolcano"	2	"T"	3	1			18	1					3	1			18	1				
	1996	9	4	2265	6499	"Sumisujima"	"Izu Is-Japan"	"Japan"	31.44	140.051	136	"Submarine volcano"		"S,W"																				
	1996	9	27			"Maderas"	"Nicaragua"	"Nicaragua"	11.446	-85.515	1394	"Stratovolcano"		"m"	6	1				1					6	1				1				
	1996	9	30			"Grimsvotn"	"Iceland-NE"	"Iceland"	64.416	-17.316	1719	"Caldera"	3									1										1		
	1996	12	3			"Manam"	"New Guinea-NE of"	"Papua New Guinea"	-4.08	145.037	1807	"Stratovolcano"	3	"P"	13	1			29	1					13	1			29	1				
	1997	1	14			"Merapi"	"Java"	"Indonesia"	-7.54	110.446	2910	"Stratovolcano"	2		6	1				1					6	1				1				
	1997	4	17			"Karangetang"	"Sangihe Is-Indonesia"	"Indonesia"	2.781	125.407	1797	"Stratovolcano"	1	"P"	3	1									3	1								
	1997	6	25			"Soufriere Hills"	"W Indies"	"Montserrat"	16.72	-62.18	915	"Stratovolcano"	3	"P"	22	1	1								22	1								
	1997	7	12			"Hakkodasan"	"Honshu-Japan"	"Japan"	40.659	140.877	1585	"Stratovolcano"		"G"	3	1									3	1								
	1997	8	1			"Soufriere Hills"	"W Indies"	"Montserrat"	16.72	-62.18	915	"Stratovolcano"	3		2	1									2	1								
	1997	9	2			"Semeru"	"Java"	"Indonesia"	-8.108	112.922	3657	"Stratovolcano"	3	"T"	2	1									2	1								
	1997	9	15			"Adatarayama"	"Honshu-Japan"	"Japan"	37.647	140.281	1728	"Stratovolcano"		"G"	4	1									4	1								
	1997	11	23			"Asosan"	"Kyushu-Japan"	"Japan"	32.885	131.085	1592	"Caldera"		"G"	2	1									2	1								
	1997	12	26	2279		"Soufriere Hills"	"W Indies"	"Montserrat"	16.72	-62.18	915	"Stratovolcano"																						
	1998	4	28			"Kilauea"	"Hawaiian Is"	"United States"	19.421	-155.287	1222	"Shield volcano"		"L"	1	1																		
	1998	7				"Kelud"	"Java"	"Indonesia"	-7.935	112.314	1730	"Stratovolcano"		"m"	10	1									10	1								
	1998	10	30			"San Cristobal"	"Nicaragua"	"Nicaragua"	12.702	-87.004	1745	"Stratovolcano"		"m"	1620	4									1620	4								
	1999	1	20	2880		"Soufriere Hills"	"W Indies"	"Montserrat"	16.72	-62.18	915	"Stratovolcano"	3																					
	1999	5	21			"Fuego"	"Guatemala"	"Guatemala"	14.473	-90.88	3763	"Stratovolcano"	2																					
	1999	8	15			"Sheveluch"	"Kamchatka"	"Russia"	56.653	161.36	3283	"Stratovolcano"	4									1												
	1999	10	5			"Guagua Pichincha"	"Ecuador"	"Ecuador"	-0.171	-78.598	4784	"Stratovolcano"	3	"T"	2	1									2	1								
	1999	10	16			"Tungurahua"	"Ecuador"	"Ecuador"	-1.467	-78.442	5023	"Stratovolcano"	3	"T"	1	1			4	1					1	1			4	1				
	2000	6	27	2340	5568	"Miyakejima"	"Izu Is-Japan"	"Japan"	34.094	139.526	775	"Stratovolcano"	2									1			1	1				3		1		
	2000	7	27			"Semeru"	"Java"	"Indonesia"	-8.108	112.922	3657	"Stratovolcano"	3	"T"	2	1									2	1								
	2000	8	23			"Arenal"	"Costa Rica"	"Costa Rica"	10.463	-84.703	1670	"Stratovolcano"	3	"P"	2	1			1	1					2	1			1	1				
	2000	11	3			"Kilauea"	"Hawaiian Is"	"United States"	19.421	-155.287	1222	"Shield volcano"		"G"	2	1									2	1								
	2000	11				"Merapi"	"Java"	"Indonesia"	-7.54	110.446	2910	"Stratovolcano"	2	"A"	1	1									1	1								
	2001	5	14			"Etna"	"Italy"	"Italy"	37.748	14.999	3357	"Stratovolcano"	3		1	1						1			1	1						1		
	2001	7	26			"Etna"	"Italy"	"Italy"	37.748	14.999	3357	"Stratovolcano"	2									1		1								1		1
	2001	8	5			"Merapi"	"Java"	"Indonesia"	-7.54	110.446	2910	"Stratovolcano"	2	"P"	2	1									2	1								
	2001	10	20			"Stromboli"	"Italy"	"Italy"	38.789	15.213	924	"Stratovolcano"	2	"T"	1	1									1	1								
	2002	1	3			"Karangetang"	"Sangihe Is-Indonesia"	"Indonesia"	2.781	125.407	1797	"Stratovolcano"	3	"M"								1		1								1		1
	2002	1	17			"Nyiragongo"	"Africa-C"	"Congo, DRC"	-1.52	29.25	3470	"Stratovolcano"	1		100	2			400	3		3		3	100	2				3		3		3
	2002	8	28		5659	"Etna"	"Italy"	"Italy"	37.748	14.999	3357	"Stratovolcano"	3						32	1		2		2					32	1		2		2
	2002	11	3			"Reventador"	"Ecuador"	"Ecuador"	-0.077	-77.656	3562	"Stratovolcano"	4	"I"		1				1		1		1		1				1		1		1
	2002	12	30	2923		"Stromboli"	"Italy"	"Italy"	38.789	15.213	924	"Stratovolcano"								1		1		1						1		1		1
	2002					"Semeru"	"Java"	"Indonesia"	-8.108	112.922	3657	"Stratovolcano"	3	"T"	3	1									3	1								
	2003	7	12	2694		"Soufriere Hills"	"W Indies"	"Montserrat"	16.72	-62.18	915	"Stratovolcano"	3																					
	2004	1	29			"Egon"	"Lesser Sunda Is"	"Indonesia"	-8.676	122.455	1661	"Stratovolcano"	1	"T"	1	1									1	1								
	2004	6	8			"Tengger Caldera"	"Java"	"Indonesia"	-7.942	112.95	2329	"Stratovolcano"	2	"T"	2	1			5	1														
	2004	10	24			"Manam"	"New Guinea-NE of"	"Papua New Guinea"	-4.08	145.037	1807	"Stratovolcano"	4	"T"	5	1									5	1								
	2005	1	27			"Manam"	"New Guinea-NE of"	"Papua New Guinea"	-4.08	145.037	1807	"Stratovolcano"	4	"T"	1	1			14	1					1	1			14	1				
	2005	10	1			"Santa Ana"	"El Salvador"	"El Salvador"	13.853	-89.63	2381	"Stratovolcano"	3	"A"	2	1				1					2	1				1				
	2005	11	24			"Karthala"	"Indian O-W"	"Comoros"	-11.75	43.38	2361	"Shield volcano"				1						1				1						1		
	2006	1	1	5795	10555	"Sumisujima"	"Izu Is-Japan"	"Japan"	31.44	140.051	136	"Submarine volcano"		"S,W"																				
	2006	3	17			"Raoul Island"	"Kermadec Is"	"New Zealand"	-29.27	-177.92	516	"Stratovolcano"			1	1									1	1								
	2006	5	20	2877		"Soufriere Hills"	"W Indies"	"Montserrat"	16.72	-62.18	915	"Stratovolcano"	2	"P"																				
	2006	6	7			"Bulusan"	"Luzon-Philippines"	"Philippines"	12.769	124.056	1535	"Stratovolcano"	2		1	1									1	1								
	2006	6	14			"Merapi"	"Java"	"Indonesia"	-7.54	110.446	2910	"Stratovolcano"	1		2	1									2	1								
	2006	7	18			"Tungurahua"	"Ecuador"	"Ecuador"	-1.467	-78.442	5023	"Stratovolcano"	3		1	1									1	1								
	2006	8	17			"Tungurahua"	"Ecuador"	"Ecuador"	-1.467	-78.442	5023	"Stratovolcano"	3	"T"	5	1		2	13	1		3		3	6	1		2		2		3		3
	2006	11	30			"Mayon"	"Luzon-Philippines"	"Philippines"	13.257	123.685	2462	"Stratovolcano"	1	"m"	1266	4						1			1266	4						1		
	2007	3				"Manam"	"New Guinea-NE of"	"Papua New Guinea"	-4.08	145.037	1807	"Stratovolcano"	4	"M"	4	1			1	1					4	1			1	1				
	2007	4	18			"Huila, Nevado del"	"Colombia"	"Colombia"	2.93	-76.03	5364	"Stratovolcano"										2		1								2		1
	2007	5	19	5758		"Ritter Island"	"New Guinea-NE of"	"Papua New Guinea"	-5.519	148.115	75	"Stratovolcano"	1	"A,W"								1		1								1		1
	2007	7	7			"Salak"	"Java"	"Indonesia"	-6.716	106.733	2218	"Stratovolcano"		"G"	6	1									6	1								
	2007	9	30			"Tair, Jebel at"	"Red Sea"	"Yemen"	15.55	41.83	244	"Stratovolcano"			7	1			1	1					7	1				1				
	2008	5	2			"Chaiten"	"Chile-S"	"Chile"	-42.835	-72.651	1122	"Caldera"			1	1									1	1								
	2008	8	8	3587		"Kasatochi"	"Aleutian Is"	"United States"	52.177	-175.508	314	"Stratovolcano"	3																					
	2008	8	22			"Tungurahua"	"Ecuador"	"Ecuador"	-1.467	-78.442	5023	"Stratovolcano"	3	"M"	2	1			2	1		1	2	1	2	1			2	1		1	2	1
	2008	11	20			"Huila, Nevado del"	"Colombia"	"Colombia"	2.93	-76.03	5364	"Stratovolcano"			10	1		1		1					10	1		1		1				
	2009	3	23			"Redoubt"	"Alaska-SW"	"United States"	60.485	-152.742	3108	"Stratovolcano"										1										1		
	2009	11	30			"Kilauea"	"Hawaiian Is"	"United States"	19.421	-155.287	1222	"Shield volcano"										2										2		
	2010	1				"Tungurahua"	"Ecuador"	"Ecuador"	-1.467	-78.442	5023	"Stratovolcano"	3									1										1		
	2010	3	31			"Eyjafjallajokull"	"Iceland-S"	"Iceland"	63.633	-19.633	1651	"Stratovolcano"	2		2	1									2	1								
	2010	5	27			"Pacaya"	"Guatemala"	"Guatemala"	14.382	-90.601	2569	"Complex volcano"	1	"T"	1	1	3	1				1	3	1	1	1	3	1				1	3	1
	2010	5	29	4822	9172	"Zealandia Bank"	"Mariana Is-C Pacific"	"United States"	16.88	145.85	0	"Stratovolcano"																						
	2010	8	6			"Karangetang"	"Sangihe Is-Indonesia"	"Indonesia"	2.781	125.407	1797	"Stratovolcano"	3		4	1			5	1				1	4	1			5	1				1
	2010	8	30			"Sinabung"	"Sumatra"	"Indonesia"	3.17	98.392	2460	"Stratovolcano"			2	1									2	1								
	2010	10	26			"Merapi"	"Java"	"Indonesia"	-7.54	110.446	2910	"Stratovolcano"			367	3			277	3	600	4		3	367	3			277	3	600	4		3
	2010	11				"Tungurahua"	"Ecuador"	"Ecuador"	-1.467	-78.442	5023	"Stratovolcano"	3									1										1		
	2010	12	28			"Tengger Caldera"	"Java"	"Indonesia"	-7.942	112.95	2329	"Stratovolcano"										1												
	2011	1	3			"Merapi"	"Java"	"Indonesia"	-7.54	110.446	2910	"Stratovolcano"		"M"	1	1			1	1		1			1	1			1	1		1		
	2011	1	28			"Kirishimayama"	"Kyushu-Japan"	"Japan"	31.934	130.862	1700	"Shield volcano"								1		1								1		1		
	2011	2	23			"Bulusan"	"Luzon-Philippines"	"Philippines"	12.769	124.056	1535	"Stratovolcano"	2		1	1									1	1								
	2011	3	18			"Karangetang"	"Sangihe Is-Indonesia"	"Indonesia"	2.781	125.407	1797	"Stratovolcano"										1										1		
	2011	4				"Tungurahua"	"Ecuador"	"Ecuador"	-1.467	-78.442	5023	"Stratovolcano"	4									1										1		
	2011	6	4			"Puyehue-Cordon Caulle"	"Chile-C"	"Chile"	-40.59	-72.117	2236	"Stratovolcano"	4									2										2		
	2011	6	22			"Nabro"	"Africa-NE"	"Eritrea"	13.37	41.7	2218	"Stratovolcano"	4		31	1				3		1			31	1				3		1		
	2011	7	9			"Katla"	"Iceland-S"	"Iceland"	63.633	-19.083	1490	"Subglacial volcano"										1										1		
	2011	7	17			"Lokon-Empung"	"Sulawesi-Indonesia"	"Indonesia"	1.358	124.792	1580	"Stratovolcano"			1	1									1	1								
	2011	12	27			"Gamalama"	"Halmahera-Indonesia"	"Indonesia"	0.81	127.332	1714	"Stratovolcano"	3	"m"	4	1				1					4	1				1				
	2012	2	10			"Kilauea"	"Hawaiian Is"	"United States"	19.421	-155.287	1222	"Shield volcano"										2										2		
	2012	3	2			"Kilauea"	"Hawaiian Is"	"United States"	19.421	-155.287	1222	"Shield volcano"		"L"								1	1	1										
	2012	12	12			"Tolbachik"	"Kamchatka"	"Russia"	55.832	160.326	3611	"Shield volcano"										1										1		
	2013	2	12			"Merapi"	"Java"	"Indonesia"	-7.54	110.446	2910	"Stratovolcano"		"M"	1	1			1	1		1			1	1			1	1		1		
	2013	2				"Paluweh"	"Lesser Sunda Is"	"Indonesia"	-8.32	121.708	875	"Stratovolcano"										1		1								1		1
	2013	5	7			"Mayon"	"Luzon-Philippines"	"Philippines"	13.257	123.685	2462	"Stratovolcano"			5	1			8	1					5	1			8	1				
	2013	8	10			"Paluweh"	"Lesser Sunda Is"	"Indonesia"	-8.32	121.708	875	"Stratovolcano"	3		5	1									5	1								
	2013	9	1			"Ubinas"	"Peru"	"Peru"	-16.345	-70.897	5608	"Stratovolcano"										1										1		
	2013	9	4			"Aira"	"Kyushu-Japan"	"Japan"	31.577	130.659	1117	"Stratovolcano"										1										1		
	2013	9	15			"Sinabung"	"Sumatra"	"Indonesia"	3.17	98.392	2460	"Stratovolcano"	2									2										2		
	2013	12	13			"Okataina"	"New Zealand"	"New Zealand"	-38.157	176.507	1111	"Lava dome"		"G"	1	1									1	1								
	2014	2	1			"Sinabung"	"Sumatra"	"Indonesia"	3.17	98.392	2460	"Stratovolcano"			17	1			3	1		1		2	17	1			3	1		1		2
	2014	2	13			"Kelud"	"Java"	"Indonesia"	-7.935	112.314	1730	"Stratovolcano"			7	1						3	4098	4	7	1						3	4098	4
	2014	9	27			"Ontakesan"	"Honshu-Japan"	"Japan"	35.893	137.48	3067	"Complex volcano"	3		55	2			70	2					55	2			70	2				
	2014	11	10			"Kilauea"	"Hawaiian Is"	"United States"	19.421	-155.287	1222	"Shield volcano"									14.5	3	1	1							14.5	3	1	1
	2014	11	23			"Fogo"	"Cape Verde Is"	"Cape Verde"	14.95	-24.35	2829	"Stratovolcano"		"L"								2	230	3								2	230	3
	2014	12	18			"Gamalama"	"Halmahera-Indonesia"	"Indonesia"	0.81	127.332	1714	"Stratovolcano"			1	1			4	1					1	1			4	1				
	2015	2	20			"Sinabung"	"Sumatra"	"Indonesia"	3.17	98.392	2460	"Stratovolcano"										1		1								1		1
	2015	4	22			"Calbuco"	"Chile-S"	"Chile"	-41.33	-72.618	1974	"Stratovolcano"										2		2								2		2
	2015	5	2	5584	10140	"Sumisujima"	"Izu Is-Japan"	"Japan"	31.44	140.051	136	"Submarine volcano"		"S,W"																				
	2015	5	7			"Karangetang"	"Sangihe Is-Indonesia"	"Indonesia"	2.781	125.407	1797	"Stratovolcano"										1		1								1		1
	2015	7	31			"Manam"	"New Guinea-NE of"	"Papua New Guinea"	-4.08	145.037	1807	"Stratovolcano"	2						2	1		1							2	1		1		
	2015	10	16			"Sinabung"	"Sumatra"	"Indonesia"	3.17	98.392	2460	"Stratovolcano"		"M"	1	1						1			1	1						1		
	2015	10				"Okataina"	"New Zealand"	"New Zealand"	-38.157	176.507	1111	"Lava dome"		"I"	1	1									1	1								
	2016	5	9			"Sinabung"	"Sumatra"	"Indonesia"	3.17	98.392	2460	"Stratovolcano"			1	1			4	1		1	3	1	1	1			4	1		1		
	2016	5	21			"Sinabung"	"Sumatra"	"Indonesia"	3.17	98.392	2460	"Stratovolcano"			7	1			3	1	100	4			7	1			3	1	100	4		
	2016	6	9			"Yellowstone"	"US-Wyoming"	"United States"	44.43	-110.67	2805	"Caldera"			1	1									1	1								
	2016	9	27			"Rinjani"	"Lesser Sunda Is"	"Indonesia"	-8.42	116.47	3726	"Stratovolcano"					44	1									44	1						
	2016	10	8			"Asosan"	"Kyushu-Japan"	"Japan"	32.885	131.085	1592	"Caldera"		"T"								1										1		
	2017	3	15			"Etna"	"Italy"	"Italy"	37.748	14.999	3357	"Stratovolcano"		"P"					10	1									10	1				
	2017	4	13			"Sinabung"	"Sumatra"	"Indonesia"	3.17	98.392	2460	"Stratovolcano"	2	"P"								1		2								1		2
	2017	6	6			"Fuego"	"Guatemala"	"Guatemala"	14.473	-90.88	3763	"Stratovolcano"	2	"P"								2										2		
	2017	7	1			"Dieng Volcanic Complex"	"Java"	"Indonesia"	-7.2	109.879	2565	"Complex volcano"			8	1			11	1					8	1			11	1				
	2017	9	12			"Campi Flegrei"	"Italy"	"Italy"	40.827	14.139	458	"Caldera"			3	1									3	1								
	2017	9	23			"Ambae"	"Vanuatu-SW Pacific"	"Vanuatu"	-15.389	167.835	1496	"Shield volcano"		"T"								1										1		
	2017	12	18			"Merapi"	"Java"	"Indonesia"	-7.54	110.446	2910	"Stratovolcano"		"A"	8	1			8	1					8	1			8	1				
	2017	12	27			"Sinabung"	"Sumatra"	"Indonesia"	3.17	98.392	2460	"Stratovolcano"		"T"								2										2		
	2018	1	5			"Kadovar"	"New Guinea-NE of"	"Papua New Guinea"	-3.608	144.588	365	"Stratovolcano"	2	"T"								1										1		
	2018	1	13			"Mayon"	"Luzon-Philippines"	"Philippines"	13.257	123.685	2462	"Stratovolcano"	2	"T,P"					1972	4	3.564	2							1972	4	3.564	2		
	2018	1	23			"Kusatsu-Shiranesan"	"Honshu-Japan"	"Japan"	36.618	138.528	2165	"Stratovolcano"	1	"T"	1	1			11	1		1			1	1			11	1		1		
	2018	2	1			"Kilauea"	"Hawaiian Is"	"United States"	19.421	-155.287	1222	"Shield volcano"	1	"G"	1	1			3	1					1	1			3	1				
	2018	2	9	5676		"Kadovar"	"New Guinea-NE of"	"Papua New Guinea"	-3.608	144.588	365	"Stratovolcano"	2	"W"																				
	2018	3	21			"Ijen"	"Java"	"Indonesia"	-8.058	114.242	2769	"Stratovolcano"		"G"					30	1									30	1				
	2018	3	30			"Ambae"	"Vanuatu-SW Pacific"	"Vanuatu"	-15.389	167.835	1496	"Shield volcano"	3	"T,G,M"	4	1						2		1	4	1						2		1
	2018	4	28	5678	10332	"Kilauea"	"Hawaiian Is"	"United States"	19.421	-155.287	1222	"Shield volcano"	1	"L"					1	1	370	4	716	3					1	1	370	4	716	3
	2018	5	6	5796	10556	"Sumisujima"	"Izu Is-Japan"	"Japan"	31.44	140.051	136	"Submarine volcano"		"S,W"																				
	2018	6	3			"Fuego"	"Guatemala"	"Guatemala"	14.473	-90.88	3763	"Stratovolcano"	2	"P"	201	3	229	3	27	1	120	4	186	3	201	3	229	3	27	1	120	4	186	3
	2018	7	16			"Kilauea"	"Hawaiian Is"	"United States"	19.421	-155.287	1222	"Shield volcano"		"T"					23	1	1	1							23	1	1	1		
	2018	8	25			"Manam"	"New Guinea-NE of"	"Papua New Guinea"	-4.08	145.037	1807	"Stratovolcano"	4	"L,T"								3	164	3								3	164	3
	2018	12	15		10382	"Ambrym"	"Vanuatu-SW Pacific"	"Vanuatu"	-16.25	168.12	1334	"Pyroclastic shield"	2	"S,T,G"								2		1								2		1
	2018	12	22	5699		"Krakatau"	"Indonesia"	"Indonesia"	-6.101	105.423	285	"Caldera"	3	"W"											437	3	10	1	31943	4	250	4	2844	4
	2018	12	26		10383	"Etna"	"Italy"	"Italy"	37.748	14.999	3357	"Stratovolcano"	2	"S"															28	1	115	4	15	1
	2019	1	7			"Manam"	"New Guinea-NE of"	"Papua New Guinea"	-4.08	145.037	1807	"Stratovolcano"	4	"T"								1										1		
	2019	5	2	5930		"Irazu"	"Costa Rica"	"Costa Rica"	9.979	-83.852	3436	"Stratovolcano"		"W"																				
	2019	5	7			"Sinabung"	"Sumatra"	"Indonesia"	3.17	98.392	2460	"Stratovolcano"	4	"T"								2										2		
	2019	6	26			"Ulawun"	"New Britain-SW Pac"	"Papua New Guinea"	-5.05	151.33	2334	"Stratovolcano"	4	"P,T"					2	1	14	3							2	1	14	3		
	2019	6	28			"Manam"	"New Guinea-NE of"	"Papua New Guinea"	-4.08	145.037	1807	"Stratovolcano"	4	"A,P,T"								2										2		
	2019	7	3	5913		"Stromboli"	"Italy"	"Italy"	38.789	15.213	924	"Stratovolcano"	2	"P,T,W"	1	1			1	1					1	1			1	1				
	2019	8	28	5716		"Stromboli"	"Italy"	"Italy"	38.789	15.213	924	"Stratovolcano"	2	"W"																				
	2019	12	9			"Whakaari/White Island"	"New Zealand"	"New Zealand"	-37.52	177.18	294	"Stratovolcano"	2	"T"	22	1			25	1					22	1			25	1				
	2020	1	12			"Taal"	"Luzon-Philippines"	"Philippines"	14.011	120.998	311	"Stratovolcano"	4	"T"	39	1					67	4	4573	4	39	1					67	4	4573	4
	2020	5	29	5748	10501	"Ijen"	"Java"	"Indonesia"	-8.058	114.242	2769	"Stratovolcano"		"G,W, S"	1	1									1	1								
	2021	3	5			"Sangay"	"Ecuador"	"Ecuador"	-2.005	-78.341	5286	"Stratovolcano"	2	"T"								2										2		
	2021	3				"Pacaya"	"Guatemala"	"Guatemala"	14.382	-90.601	2569	"Complex volcano"	1	"L,T"								1										1		
	2021	4	9	5905		"Soufriere St. Vincent"	"W Indies"	"St. Vincent & the Grenadines"	13.33	-61.18	1220	"Stratovolcano"	4	"T,W"							325	4									325	4		
	2021	5	19	5912		"Stromboli"	"Italy"	"Italy"	38.789	15.213	924	"Stratovolcano"	2	"W"																				
	2021	5	22		10545	"Nyiragongo"	"Africa-C"	"Congo, DRC"	-1.52	29.25	3470	"Stratovolcano"	2	"L,I,S"	32	1						3	5000	4	32	1						3	5000	4
	2021	9	19			"La Palma"	"Canary Is"	"Spain"	28.57	-17.83	2426	"Stratovolcano"	3	"L"	1	1					924	4	1345	4	1	1					924	4	1345	4
	2021	12	4			"Semeru"	"Java"	"Indonesia"	-8.108	112.922	3657	"Stratovolcano"	4	"T"	51	1	9	1	169	3	20	3	2970	4	45	1	9	1	169	3	20	3	2970	4
	2022	1	15	5824		"Hunga Tonga-Hunga Ha'apai"	"Tonga-SW Pacific"	"Tonga"	-20.553	-175.384	114	"Submarine volcano"	5	"W"							16.72	3			6	1			20	1	135.368	4	284	3
	2022	6	22			"Popocatepetl"	"Mexico"	"Mexico"	19.023	-98.622	5393	"Stratovolcano"	2	"P"	1	1									1	1								
	2022	10	9	5865		"Stromboli"	"Italy"	"Italy"	38.789	15.213	924	"Stratovolcano"	2	"P,W"																				
	2022	12	4	5868		"Stromboli"	"Italy"	"Italy"	38.789	15.213	924	"Stratovolcano"	2	"P,W"																				
	2022	12	4			"Semeru"	"Java"	"Indonesia"	-8.108	112.922	3657	"Stratovolcano"	4	"T,M"								1										1		
	2023	1	31	5906		"East Epi"	"Vanuatu-SW Pacific"	"Vanuatu"	-16.68	168.389	833	"Stratovolcano"		"W"																				
	2023	7	7			"Bagana"	"Bougainville-SW Paci"	"Papua New Guinea"	-6.137	155.196	1855	"Lava cone"	2	"T,G"								1		1								1		1
	2023	12	3			"Marapi"	"Sumatra"	"Indonesia"	-0.38	100.474	2885	"Complex volcano"		"P,T"	23	1	0		12	1					23	1	0		12	1				
	2023	12	18			"Reykjanes"	"Iceland-SW"	"Iceland"	63.817	-22.717	140	"Crater rows"		"S,L"	1	1						2	3	1	1	1						2	3	1
	2024	4	16			"Ruang"	"Sangihe Is-Indonesia"	"Indonesia"	2.3	125.37	725	"Stratovolcano"									15.5	3	3200	4							15.5	3	3200	4
	2024	4	20			"Ijen"	"Java"	"Indonesia"	-8.058	114.242	2769	"Stratovolcano"			1	1									1	1								
	2024	5	11			"Marapi"	"Sumatra"	"Indonesia"	-0.38	100.474	2885	"Complex volcano"	2	"M"	67	2	20	1	33	1		3	521	3	67	2	20	1	33	1		3	521	3
	2024	6	3			"Kanlaon"	"Philippines-C"	"Philippines"	10.41	123.13	2422	"Stratovolcano"	3	"M,G,T"							2.5	2	2680	4							2.5	2	2680	4
	2024	8	17	5923	10744	"Sheveluch"	"Kamchatka"	"Russia"	56.653	161.36	3283	"Stratovolcano"	4																					
	2024	11	3			"Lewotobi"	"Lesser Sunda Is"	"Indonesia"	-8.542	122.775	1703	"Stratovolcano"		"T,P,L"	9	1			64				23	1	9	1			64	2			23	1
	2024	12	9			"Kanlaon"	"Philippines-C"	"Philippines"	10.41	123.13	2422	"Stratovolcano"		"T,P"	1	1					2.2	2			1	1					2.2	2		